▒b╕╣,жW║┘,┐я╛▄╢ёеRжи┴Z,╣ъз@д└╝╞,┤┴дджи┴Z
5b320067,?░╢и░,47.2,0,28.32
5b3g0001,┴зж╨▓[,63.4,33.3,51.36
5b3g0002,│пмR▒╢,12,0,7.2
5b3g0003,╢└╖╘оx,18.8,0,11.28
5b3g0005,д¤╗и▀╗,24.8,24.975,24.87
5b3g0006,│пл╔ер,29.6,33.3,31.08
5b3g0007,│во╩жЎ,11.9,0,7.14
5b3g0008,жєоa╝╓,29.7,24.975,27.81
5b3g0009,╛Gеc▒╙,26.8,0,16.08
5b3g0010,д¤░▀╖╢,33.2,0,19.92
5b3g0011,зїкх╙},25.4,0,15.24
5b3g0012,╖и┬EжW,31.1,0,18.66
5b3g0013,з║й╙┐╬,12.2,0,7.32
5b3g0014,│пл╔з╩,23.5,8.325,17.43
5b3g0015,ижл~├№,19.3,0,11.58
5b3g0016,│\мий╙,28.1,0,16.86
5b3g0017,д¤╡qжt,29.2,0,17.52
5b3g0018,зїлTз╩,65.3,8.325,42.51
5b3g0019,зїжt░a,4.7,24.975,12.81
5b3g0021,├╣д@╡{,26.6,0,15.96
5b3g0022,╢└пЄжt,54.3,24.975,42.57
5b3g0024,┐╜▐m┐л,18,0,10.8
5b3g0026,├Qдl╡╛,14.9,0,8.94
5b3g0027,е╒║═ер,7.6,0,4.56
5b3g0028,зd░Ў╖_,47.3,66.6,55.02
5b3g0029,▒чжt╡д,10.5,0,6.3
5b3g0030,┤┐жtож,24.8,0,14.88
5b3g0031,┴щ└х╗╖,49.8,33.3,43.2
5b3g0032,╡{мF║ю,5.4,0,3.24
5b3g0033,?║═┬E,19.3,24.975,21.57
5b3g0034,кЇр▒п·,20.8,24.975,22.47
5b3g0035,│пе┐Б╟,49.8,66.6,56.52
5b3g0036,│пм█╛ь,24.8,66.6,41.52
5b3g0037,зїй╛┐╬,10,24.975,15.99
5b3g0038,д¤збми,16.9,0,10.14
5b3g0039,░из╩╣┼,34.8,33.3,34.2
5b3g0040,зdмF┐л,39.4,66.6,50.28
5b3g0041,│п╣┼┐л,1.2,0,0.72
5b3g0042,п╬╣mнї,13.1,0,7.86
5b3g0043,д¤нЁ▓▐,0,0,0
5b3g0044,╕нй·╕╬,8.2,0,4.92
5b3g0046,│воaз▒,53.3,33.3,45.3
5b3g0048,зdм¤╛╟,10,0,6
5b3g0049,жє▓╨║·,70.4,66.6,68.88
5b3g0901,зdиK┐л,18.7,0,11.22
5b3g0902,╖и╙T┼v,4.4,0,2.64
5b3g0905,╛G╡·─╔,24.3,33.3,27.9